Category,Collector,Name,JSON Path,Unit,Type,Description,Source,Link,Notes
Static,container,ContainerCgroupVersion,Container.CgroupVersion,version number,Gauge,Cgroup version (1 or 2),/sys/fs/cgroup/ → detect v1 vs v2,https://docs.kernel.org/admin-guide/cgroup-v2.html,
Static,container,ContainerId,Container.Id,string,Gauge,Container ID,/proc/self/cgroup,https://man7.org/linux/man-pages/man7/cgroups.7.html,
Static,container,ContainerNumProcessors,Container.NumProcessors,count,Gauge,Number of CPU processors,cgroups cpuset,https://pkg.go.dev/runtime#NumCPU,
Static,manager,uuid,uuid,string,Gauge,Unique identifier for this profiling session,uuid.New() → session start,https://pkg.go.dev/github.com/google/uuid,
Static,nvidia,Nvidia*ClocksMaxGraphics,Nvidia[].Clocks.MaxGraphics,megahertz,Gauge,The maximum graphics clock speed for the device in MHz.,nvmlDeviceGetMaxClockInfo(GRAPHICS),https://docs.nvidia.com/deploy/nvml-api/group__nvmlDeviceQueries.html#group__nvmlDeviceQueries_1gf324666a13ea96c0becf561bc29fd11d,
Static,nvidia,Nvidia*ClocksMaxMemory,Nvidia[].Clocks.MaxMemory,megahertz,Gauge,The maximum memory clock speed for the device in MHz.,nvmlDeviceGetMaxClockInfo(MEM),https://docs.nvidia.com/deploy/nvml-api/group__nvmlDeviceQueries.html#group__nvmlDeviceQueries_1gf324666a13ea96c0becf561bc29fd11d,
Static,nvidia,Nvidia*ClocksMaxSM,Nvidia[].Clocks.MaxSM,megahertz,Gauge,The maximum SM clock speed for the device in MHz.,nvmlDeviceGetMaxClockInfo(SM),https://docs.nvidia.com/deploy/nvml-api/group__nvmlDeviceQueries.html#group__nvmlDeviceQueries_1gf324666a13ea96c0becf561bc29fd11d,
Static,nvidia,Nvidia*DeviceComputeCapabilityMajor,Nvidia[].Device.ComputeCapabilityMajor,version number,Gauge,The major CUDA compute capability version number of the device.,nvmlDeviceGetCudaComputeCapability(),https://docs.nvidia.com/deploy/nvml-api/group__nvmlDeviceQueries.html#group__nvmlDeviceQueries_1g1f803a2fb4b7dfc0a8183b46b46ab03a,
Static,nvidia,Nvidia*DeviceComputeCapabilityMinor,Nvidia[].Device.ComputeCapabilityMinor,version number,Gauge,The minor CUDA compute capability version number of the device.,nvmlDeviceGetCudaComputeCapability(),https://docs.nvidia.com/deploy/nvml-api/group__nvmlDeviceQueries.html#group__nvmlDeviceQueries_1g1f803a2fb4b7dfc0a8183b46b46ab03a,
Static,nvidia,Nvidia*DeviceCudaVersion,Nvidia[].Device.CudaVersion,version number,Gauge,The CUDA driver version.,nvmlSystemGetCudaDriverVersion(),https://docs.nvidia.com/deploy/nvml-api/group__nvmlSystemQueries.html#group__nvmlSystemQueries_1g56d52543f18a99a9f9671c0bff7f29ea,
Static,nvidia,Nvidia*DeviceDriverVersion,Nvidia[].Device.DriverVersion,string,Gauge,The version of the system's graphics driver.,nvmlSystemGetDriverVersion(),https://docs.nvidia.com/deploy/nvml-api/group__nvmlSystemQueries.html#group__nvmlSystemQueries_1ga537de77ba3643e93de30e4cd8d003ca,
Static,nvidia,Nvidia*DeviceIndex,Nvidia[].Device.Index,index,Gauge,GPU device index,nvmlDeviceGetIndex(),https://docs.nvidia.com/deploy/nvml-api/group__nvmlDeviceQueries.html#group__nvmlDeviceQueries_1g7126df15579c65470c0616455565d55c,
Static,nvidia,Nvidia*DeviceName,Nvidia[].Device.Name,string,Gauge,"The name of this device. The name is an alphanumeric string that denotes a particular product, e.g. Tesla C2070. It will not exceed 96 characters in length (including the NULL terminator).",nvmlDeviceGetName(),https://docs.nvidia.com/deploy/nvml-api/group__nvmlDeviceQueries.html#group__nvmlDeviceQueries_1ga5361803e044c6fdf3b08523fb6d1481,
Static,nvidia,Nvidia*DeviceSerial,Nvidia[].Device.Serial,string,Gauge,The globally unique board serial number associated with this device's board. The serial number is an alphanumeric string that will not exceed 30 characters (including the NULL terminator). This number matches the serial number tag that is physically attached to the board.,nvmlDeviceGetSerial(),https://docs.nvidia.com/deploy/nvml-api/group__nvmlDeviceQueries.html#group__nvmlDeviceQueries_1g56b0c288a1c2eb60b9949aff60d64486,
Static,nvidia,Nvidia*DeviceUUID,Nvidia[].Device.UUID,string,Gauge,"The globally unique immutable UUID associated with this device, as a 5 part hexadecimal string, that augments the immutable, board serial identifier.",nvmlDeviceGetUUID(),https://docs.nvidia.com/deploy/nvml-api/group__nvmlDeviceQueries.html#group__nvmlDeviceQueries_1g84dca2d06974131ccec1651428596191,
Static,nvidia,Nvidia*MemoryBar1Total,Nvidia[].Memory.Bar1Total,bytes,Gauge,Total BAR1 memory available in bytes. BAR1 is used to map the FB (device memory) so that it can be directly accessed by the CPU or by 3rd party devices (peer-to-peer on the PCIE bus).,nvmlDeviceGetBAR1MemoryInfo(),https://docs.nvidia.com/deploy/nvml-api/group__nvmlDeviceQueries.html#group__nvmlDeviceQueries_1g52c5036ce0db5dc56ad61f284500f3eb,
Static,nvidia,Nvidia*MemoryTotal,Nvidia[].Memory.Total,bytes,Gauge,Total installed GPU memory in bytes.,nvmlDeviceGetMemoryInfo(),https://docs.nvidia.com/deploy/nvml-api/group__nvmlDeviceQueries.html#group__nvmlDeviceQueries_1g2dfeb1db82aa1de91aa6edf941c85ca8,
Static,nvidia,Nvidia*PCIeBusID,Nvidia[].PCIe.BusID,string,Gauge,"The PCI bus id as ""domain:bus:device.function"".",nvmlDeviceGetPciInfo(),https://docs.nvidia.com/deploy/nvml-api/group__nvmlDeviceQueries.html#group__nvmlDeviceQueries_1g8789a616b502a78a1013c45cbb86e1bd,
Static,nvidia,Nvidia*PCIeLinkGen,Nvidia[].PCIe.LinkGen,generation,Gauge,The current PCIe link generation.,nvmlDeviceGetCurrPcieLinkGeneration(),https://docs.nvidia.com/deploy/nvml-api/group__nvmlDeviceQueries.html#group__nvmlDeviceQueries_1g19bd473719cd145ff3b88ab73d0b42e5,
Static,nvidia,Nvidia*PCIeLinkWidth,Nvidia[].PCIe.LinkWidth,lanes,Gauge,The current PCIe link width.,nvmlDeviceGetCurrPcieLinkWidth(),https://docs.nvidia.com/deploy/nvml-api/group__nvmlDeviceQueries.html#group__nvmlDeviceQueries_1g6c812383e9505c34eee61f8a28939f6f,
Static,nvidia,Nvidia*PCIeMaxLinkGen,Nvidia[].PCIe.MaxLinkGen,generation,Gauge,The maximum PCIe link generation possible with this device and system. I.E. for a generation 2 PCIe device attached to a generation 1 PCIe bus the max link generation this function will report is generation 1.,nvmlDeviceGetMaxPcieLinkGeneration(),https://docs.nvidia.com/deploy/nvml-api/group__nvmlDeviceQueries.html#group__nvmlDeviceQueries_1g54617d34c574907a6663536db8c9ea08,
Static,nvidia,Nvidia*PCIeMaxLinkWidth,Nvidia[].PCIe.MaxLinkWidth,lanes,Gauge,The maximum PCIe link width possible with this device and system. I.E. for a device with a 16x PCIe bus width attached to a 8x PCIe system bus this function will report a max link width of 8.,nvmlDeviceGetMaxPcieLinkWidth(),https://docs.nvidia.com/deploy/nvml-api/group__nvmlDeviceQueries.html#group__nvmlDeviceQueries_1ge5b0a331ae13a1e130d3a694623ec2f1,
Static,nvidia,Nvidia*PowerDefaultLimit,Nvidia[].Power.DefaultLimit,milliwatts,Gauge,"Default power management limit on this device, in milliwatts. Default power management limit is a power management limit that the device boots with.",nvmlDeviceGetPowerManagementDefaultLimit(),https://docs.nvidia.com/deploy/nvml-api/group__nvmlDeviceQueries.html#group__nvmlDeviceQueries_1gd3ffb56cd39d079013dbfaba941eb31b,
Static,nvidia,Nvidia*PowerEnforcedLimit,Nvidia[].Power.EnforcedLimit,milliwatts,Gauge,The effective power limit that the driver enforces after taking into account all limiters. Note: This can be different from the nvmlDeviceGetPowerManagementLimit if other limits are set elsewhere. This includes the out of band power limit interface.,nvmlDeviceGetEnforcedPowerLimit(),https://docs.nvidia.com/deploy/nvml-api/group__nvmlDeviceQueries.html#group__nvmlDeviceQueries_1g263b5bf552d5ec7fcd29a088264d10ad,
Static,nvidia,Nvidia*PowerLimit,Nvidia[].Power.Limit,milliwatts,Gauge,The power management limit associated with this device. The power limit defines the upper boundary for the card's power draw. If the card's total power draw reaches this limit the power management algorithm kicks in.,nvmlDeviceGetPowerManagementLimit(),https://docs.nvidia.com/deploy/nvml-api/group__nvmlDeviceQueries.html#group__nvmlDeviceQueries_1gf754f109beca3a4a8c8c1cd650d7d66c,
Static,nvidia,Nvidia*PowerMaxLimit,Nvidia[].Power.MaxLimit,milliwatts,Gauge,Maximum power management limit in milliwatts.,nvmlDeviceGetPowerManagementLimitConstraints(),https://docs.nvidia.com/deploy/nvml-api/group__nvmlDeviceQueries.html#group__nvmlDeviceQueries_1g350d841176116e366284df0e5e2fe2bf,
Static,nvidia,Nvidia*PowerMinLimit,Nvidia[].Power.MinLimit,milliwatts,Gauge,Minimum power management limit in milliwatts.,nvmlDeviceGetPowerManagementLimitConstraints(),https://docs.nvidia.com/deploy/nvml-api/group__nvmlDeviceQueries.html#group__nvmlDeviceQueries_1g350d841176116e366284df0e5e2fe2bf,
Static,nvidia,Nvidia*ThermalMaxOperating,Nvidia[].Thermal.MaxOperating,°C,Gauge,The temperature threshold for the GPU with threshold type NVML_TEMPERATURE_THRESHOLD_GPU_MAX in degrees C.,nvmlDeviceGetTemperatureThreshold(GPU_MAX),https://docs.nvidia.com/deploy/nvml-api/group__nvmlDeviceQueries.html#group__nvmlDeviceQueries_1g271ba78911494f33fc079b204a929405,
Static,nvidia,Nvidia*ThermalShutdownThreshold,Nvidia[].Thermal.ShutdownThreshold,°C,Gauge,The temperature threshold for the GPU with threshold type NVML_TEMPERATURE_THRESHOLD_SHUTDOWN in degrees C.,nvmlDeviceGetTemperatureThreshold(SHUTDOWN),https://docs.nvidia.com/deploy/nvml-api/group__nvmlDeviceQueries.html#group__nvmlDeviceQueries_1g271ba78911494f33fc079b204a929405,
Static,nvidia,Nvidia*ThermalSlowdownThreshold,Nvidia[].Thermal.SlowdownThreshold,°C,Gauge,The temperature threshold for the GPU with threshold type NVML_TEMPERATURE_THRESHOLD_SLOWDOWN in degrees C.,nvmlDeviceGetTemperatureThreshold(SLOWDOWN),https://docs.nvidia.com/deploy/nvml-api/group__nvmlDeviceQueries.html#group__nvmlDeviceQueries_1g271ba78911494f33fc079b204a929405,
Static,vm,VmCpuCache,Vm.Cpu.Cache,string,Gauge,"CPU cache configuration as a JSON object (e.g., {""L1d"":""32K"",""L1i"":""32K"",""L2"":""256K"",""L3"":""8M""}).",/sys/devices/system/cpu/cpu*/cache/index*/size,https://docs.kernel.org/admin-guide/cputopology.html,
Static,vm,VmCpuHostName,Vm.Cpu.HostName,string,Gauge,Hostname of the machine. Inside Docker this returns the container hostname.,os.Hostname(),https://pkg.go.dev/os#Hostname,
Static,vm,VmCpuKernelInfo,Vm.Cpu.KernelInfo,string,Gauge,"Kernel version and system information as a JSON object with keys: Sysname, Nodename, Release, Version, Machine.","syscall.Uname() → JSON {Sysname, Nodename, Release, Version, Machine}",https://man7.org/linux/man-pages/man1/uname.1.html,
Static,vm,VmCpuNTPInfo,Vm.Cpu.NTPInfo,string,Gauge,"NTP synchronization status as a JSON object from querying pool.ntp.org via Go NTP library. Includes ClockOffset, RTT, Precision, Stratum, ReferenceID, ReferenceTime, RootDelay, RootDispersion, RootDistance, Leap, MinError, KissCode, Poll.","ntp.Query(""pool.ntp.org"") → JSON {Status, ClockOffset, Time, RTT, Precision, Stratum, ...}",https://man7.org/linux/man-pages/man1/timedatectl.1.html,
Static,vm,VmCpuNumProcessors,Vm.Cpu.NumProcessors,count,Gauge,Number of CPU processors,/proc/cpuinfo → count processor lines,https://pkg.go.dev/runtime#NumCPU,
Static,vm,VmCpuType,Vm.Cpu.Type,string,Gauge,The model name of the processor,/proc/cpuinfo → model name,https://man7.org/linux/man-pages/man5/proc_cpuinfo.5.html,
Static,vm,VmDiskDrives*Model,Vm.Disk.Drives[].Model,string,Gauge,Disk model name,/sys/class/block/*/device/model,https://www.kernel.org/doc/Documentation/ABI/testing/sysfs-block,
Static,vm,VmDiskDrives*Name,Vm.Disk.Drives[].Name,string,Gauge,"Disk device name (e.g., sda, nvme0n1)",/sys/class/block/* → device name,https://www.kernel.org/doc/Documentation/ABI/testing/sysfs-block,
Static,vm,VmDiskDrives*Rotational,Vm.Disk.Drives[].Rotational,boolean,Gauge,"True if rotational (HDD), False if SSD",/sys/class/block/*/queue/rotational,https://www.kernel.org/doc/Documentation/ABI/testing/sysfs-block,
Static,vm,VmDiskDrives*Sectors,Vm.Disk.Drives[].Sectors,sectors,Gauge,Total number of 512-byte sectors on the disk (multiply by 512 to get bytes),/sys/class/block/*/size,https://www.kernel.org/doc/Documentation/ABI/testing/sysfs-block,
Static,vm,VmMemSwapTotalStatic,Vm.Mem.SwapTotal,kilobytes,Gauge,Total swap space in kilobytes (KB). Collected once at startup.,/proc/meminfo → SwapTotal,https://man7.org/linux/man-pages/man5/proc_meminfo.5.html,
Static,vm,VmMemTotalStatic,Vm.Mem.Total,kilobytes,Gauge,Total amount of usable RAM in kilobytes (KB). Collected once at startup.,/proc/meminfo → MemTotal,https://man7.org/linux/man-pages/man5/proc_meminfo.5.html,
Static,vm,VmNetnetworkInterfaces*mac,Vm.Net.networkInterfaces[].mac,string,Gauge,MAC address,/sys/class/net/*/address,https://www.kernel.org/doc/Documentation/ABI/testing/sysfs-class-net,
Static,vm,VmNetnetworkInterfaces*mtu,Vm.Net.networkInterfaces[].mtu,bytes,Gauge,Maximum transmission unit,/sys/class/net/*/mtu,https://www.kernel.org/doc/Documentation/ABI/testing/sysfs-class-net,
Static,vm,VmNetnetworkInterfaces*name,Vm.Net.networkInterfaces[].name,string,Gauge,"Network interface name (e.g., eth0)",/sys/class/net/* → directory name,https://www.kernel.org/doc/Documentation/ABI/testing/sysfs-class-net,
Static,vm,VmNetnetworkInterfaces*speed,Vm.Net.networkInterfaces[].speed,Mbps,Gauge,Network interface speed,/sys/class/net/*/speed,https://www.kernel.org/doc/Documentation/ABI/testing/sysfs-class-net,
Dynamic,container,ContainerCpuTime,Container.CpuTime,nanoseconds (v1) / microseconds (v2),Counter,Total CPU time consumed by all tasks in this cgroup (including tasks lower in the hierarchy). V1: nanoseconds from cpuacct.usage. V2: microseconds from cpu.stat usage_usec.,v1: cpuacct.usage; v2: cpu.stat usage_usec,https://docs.kernel.org/admin-guide/cgroup-v1/cpuacct.html | https://docs.kernel.org/admin-guide/cgroup-v2.html#cpu-interface-files,
Dynamic,container,ContainerCpuTimeKernelMode,Container.CpuTimeKernelMode,centiseconds (v1) / microseconds (v2),Counter,CPU time consumed by tasks in kernel mode in this cgroup. V1: centiseconds from cpuacct.stat. V2: microseconds from cpu.stat system_usec.,v1: cpuacct.stat; v2: cpu.stat system_usec,https://docs.kernel.org/admin-guide/cgroup-v1/cpuacct.html | https://docs.kernel.org/admin-guide/cgroup-v2.html#cpu-interface-files,
Dynamic,container,ContainerCpuTimeUserMode,Container.CpuTimeUserMode,centiseconds (v1) / microseconds (v2),Counter,CPU time consumed by tasks in user mode in this cgroup. V1: centiseconds from cpuacct.stat. V2: microseconds from cpu.stat user_usec.,v1: cpuacct.stat; v2: cpu.stat user_usec,https://docs.kernel.org/admin-guide/cgroup-v1/cpuacct.html | https://docs.kernel.org/admin-guide/cgroup-v2.html#cpu-interface-files,
Dynamic,container,ContainerDiskReadBytes,Container.DiskReadBytes,bytes,Counter,Number of bytes transferred from specific devices by a cgroup in bytes,v1: blkio.throttle.io_service_bytes; v2: io.stat,https://docs.kernel.org/admin-guide/cgroup-v1/blkio-controller.html | https://docs.kernel.org/admin-guide/cgroup-v2.html#io-interface-files,
Dynamic,container,ContainerDiskSectorIO,Container.DiskSectorIO,sectors,Counter,Number of sectors transferred to or from specific devices by a cgroup. Only collected in cgroups v1; zero in v2.,v1: blkio.sectors,https://docs.kernel.org/admin-guide/cgroup-v1/blkio-controller.html,
Dynamic,container,ContainerDiskWriteBytes,Container.DiskWriteBytes,bytes,Counter,Number of bytes transferred to specific devices by a cgroup in bytes,v1: blkio.throttle.io_service_bytes; v2: io.stat,https://docs.kernel.org/admin-guide/cgroup-v1/blkio-controller.html | https://docs.kernel.org/admin-guide/cgroup-v2.html#io-interface-files,
Dynamic,container,ContainerMajorPgFault,Container.MajorPgFault,faults,Counter,Major page faults in the cgroup,v2: memory.stat → pgmajfault,https://docs.kernel.org/admin-guide/cgroup-v1/memory.html | https://docs.kernel.org/admin-guide/cgroup-v2.html#memory-interface-files,
Dynamic,container,ContainerMemoryMaxUsed,Container.MemoryMaxUsed,bytes,Gauge,Maximum memory used by processes in the cgroup in bytes,v1: memory.max_usage_in_bytes; v2: memory.peak,https://docs.kernel.org/admin-guide/cgroup-v1/memory.html | https://docs.kernel.org/admin-guide/cgroup-v2.html#memory-interface-files,
Dynamic,container,ContainerMemoryUsed,Container.MemoryUsed,bytes,Gauge,Total current memory usage by processes in the cgroup in bytes,v1: memory.usage_in_bytes; v2: memory.current,https://docs.kernel.org/admin-guide/cgroup-v1/memory.html | https://docs.kernel.org/admin-guide/cgroup-v2.html#memory-interface-files,
Dynamic,container,ContainerNetworkBytesRecvd,Container.NetworkBytesRecvd,bytes,Counter,The number of bytes each interface has received,/proc/net/dev → within cgroup,https://man7.org/linux/man-pages/man5/proc_net_dev.5.html,
Dynamic,container,ContainerNetworkBytesSent,Container.NetworkBytesSent,bytes,Counter,The number of bytes each interface has sent,/proc/net/dev → within cgroup,https://man7.org/linux/man-pages/man5/proc_net_dev.5.html,
Dynamic,container,ContainerPgFault,Container.PgFault,faults,Counter,Page faults in the cgroup,v2: memory.stat → pgfault,https://docs.kernel.org/admin-guide/cgroup-v1/memory.html | https://docs.kernel.org/admin-guide/cgroup-v2.html#memory-interface-files,
Dynamic,container,ContainerProcessCount,Container.ProcessCount,count,Gauge,Number of processes inside a container,v1: tasks count; v2: pids.current,https://docs.kernel.org/admin-guide/cgroup-v1/pids.html | https://docs.kernel.org/admin-guide/cgroup-v2.html#pid-interface-files,
Dynamic,manager,timestamp/*T,timestamp/*T,nanoseconds since Unix epoch,Gauge,Timestamp when metrics were collected (applies to per metrics timestamps as well *T),time.Now().UnixNano(),https://pkg.go.dev/time#Time.UnixMilli,
Dynamic,nvidia,Nvidia*ClocksGraphics,Nvidia[].Clocks.Graphics,megahertz,Gauge,The current clock speed for the graphics clock domain in MHz.,nvmlDeviceGetClockInfo(GRAPHICS),https://docs.nvidia.com/deploy/nvml-api/group__nvmlDeviceQueries.html#group__nvmlDeviceQueries_1ge8bef48b0ae6c2bb4004875621532238,
Dynamic,nvidia,Nvidia*ClocksMemory,Nvidia[].Clocks.Memory,megahertz,Gauge,The current clock speed for the memory clock domain in MHz.,nvmlDeviceGetClockInfo(MEM),https://docs.nvidia.com/deploy/nvml-api/group__nvmlDeviceQueries.html#group__nvmlDeviceQueries_1ge8bef48b0ae6c2bb4004875621532238,
Dynamic,nvidia,Nvidia*ClocksPState,Nvidia[].Clocks.PState,state (P0–P15),Gauge,The current performance state for the device. States range from P0 (maximum performance) to P15 (minimum performance).,nvmlDeviceGetPerformanceState(),https://docs.nvidia.com/deploy/nvml-api/group__nvmlDeviceQueries.html#group__nvmlDeviceQueries_1g9c10627cc11e096864e94c370d900d0b,
Dynamic,nvidia,Nvidia*ClocksSM,Nvidia[].Clocks.SM,megahertz,Gauge,The current clock speed for the SM clock domain in MHz.,nvmlDeviceGetClockInfo(SM),https://docs.nvidia.com/deploy/nvml-api/group__nvmlDeviceQueries.html#group__nvmlDeviceQueries_1ge8bef48b0ae6c2bb4004875621532238,
Dynamic,nvidia,Nvidia*ClocksThrottleReasons,Nvidia[].Clocks.ThrottleReasons,bitmask,Gauge,Current clocks event reasons. More than one bit can be enabled at the same time. Multiple reasons can be affecting clocks at once.,nvmlDeviceGetCurrentClocksEventReasons(),https://docs.nvidia.com/deploy/nvml-api/group__nvmlDeviceQueries.html#group__nvmlDeviceQueries_1g7e505374454a0d4fc7339b6c885656d6,
Dynamic,nvidia,Nvidia*ClocksVideo,Nvidia[].Clocks.Video,megahertz,Gauge,The current clock speed for the video clock domain in MHz.,nvmlDeviceGetClockInfo(VIDEO),https://docs.nvidia.com/deploy/nvml-api/group__nvmlDeviceQueries.html#group__nvmlDeviceQueries_1ge8bef48b0ae6c2bb4004875621532238,
Dynamic,nvidia,Nvidia*Index,Nvidia[].Index,index,Plain,The NVML index of this device. Valid indices are derived from the accessibleDevices count returned by nvmlDeviceGetCount_v2().,nvmlDeviceGetIndex(),https://docs.nvidia.com/deploy/nvml-api/group__nvmlDeviceQueries.html#group__nvmlDeviceQueries_1ga93623b195bff04bbe3490ca33c8a42d,
Dynamic,nvidia,Nvidia*MemoryBar1Free,Nvidia[].Memory.Bar1Free,bytes,Gauge,Free BAR1 memory in bytes.,nvmlDeviceGetBAR1MemoryInfo(),https://docs.nvidia.com/deploy/nvml-api/group__nvmlDeviceQueries.html#group__nvmlDeviceQueries_1g52c5036ce0db5dc56ad61f284500f3eb,
Dynamic,nvidia,Nvidia*MemoryBar1Used,Nvidia[].Memory.Bar1Used,bytes,Gauge,Used BAR1 memory in bytes. BAR1 is used to map the FB (device memory) so that it can be directly accessed by the CPU or by 3rd party devices (peer-to-peer on the PCIE bus).,nvmlDeviceGetBAR1MemoryInfo(),https://docs.nvidia.com/deploy/nvml-api/group__nvmlDeviceQueries.html#group__nvmlDeviceQueries_1g52c5036ce0db5dc56ad61f284500f3eb,
Dynamic,nvidia,Nvidia*MemoryFree,Nvidia[].Memory.Free,bytes,Gauge,Free GPU memory in bytes.,nvmlDeviceGetMemoryInfo(),https://docs.nvidia.com/deploy/nvml-api/group__nvmlDeviceQueries.html#group__nvmlDeviceQueries_1g2dfeb1db82aa1de91aa6edf941c85ca8,
Dynamic,nvidia,Nvidia*MemoryUsed,Nvidia[].Memory.Used,bytes,Gauge,"Used GPU memory in bytes. Under Linux and Windows TCC, the reported amount of used memory is equal to the sum of memory allocated by all active channels on the device.",nvmlDeviceGetMemoryInfo(),https://docs.nvidia.com/deploy/nvml-api/group__nvmlDeviceQueries.html#group__nvmlDeviceQueries_1g2dfeb1db82aa1de91aa6edf941c85ca8,
Dynamic,nvidia,Nvidia*PCIeReplayCounter,Nvidia[].PCIe.ReplayCounter,replays,Counter,The PCIe replay counter.,nvmlDeviceGetPcieReplayCounter(),https://docs.nvidia.com/deploy/nvml-api/group__nvmlDeviceQueries.html#group__nvmlDeviceQueries_1g05e843ebaebc280d0a3c7be61394fb74,
Dynamic,nvidia,Nvidia*PCIeRxThroughput,Nvidia[].PCIe.RxThroughput,KB/s,Gauge,PCIe receive throughput in KB/s over a 20ms sample window.,nvmlDeviceGetPcieThroughput(PCIE_UTIL_RX_BYTES),https://docs.nvidia.com/deploy/nvml-api/group__nvmlDeviceQueries.html#group__nvmlDeviceQueries_1gd86f1c74f81b5ddfaa6cb81b51030c72,
Dynamic,nvidia,Nvidia*PCIeTxThroughput,Nvidia[].PCIe.TxThroughput,KB/s,Gauge,PCIe transmit throughput in KB/s over a 20ms sample window.,nvmlDeviceGetPcieThroughput(PCIE_UTIL_TX_BYTES),https://docs.nvidia.com/deploy/nvml-api/group__nvmlDeviceQueries.html#group__nvmlDeviceQueries_1gd86f1c74f81b5ddfaa6cb81b51030c72,
Dynamic,nvidia,Nvidia*PowerEnergy,Nvidia[].Power.Energy,millijoules,Counter,Total energy consumption for this GPU in millijoules (mJ) since the driver was last reloaded.,nvmlDeviceGetTotalEnergyConsumption(),https://docs.nvidia.com/deploy/nvml-api/group__nvmlDeviceQueries.html#group__nvmlDeviceQueries_1g732ab899b5bd18ac4bfb93c02de4900a,
Dynamic,nvidia,Nvidia*PowerUsage,Nvidia[].Power.Usage,milliwatts,Gauge,"Power usage for this GPU in milliwatts and its associated circuitry (e.g. memory). On Fermi and Kepler GPUs the reading is accurate to within +/- 5% of current power draw. On Ampere (except GA100) or newer GPUs, the API returns power averaged over 1 sec interval. On GA100 and older architectures, instantaneous power is returned.",nvmlDeviceGetPowerUsage(),https://docs.nvidia.com/deploy/nvml-api/group__nvmlDeviceQueries.html#group__nvmlDeviceQueries_1g7ef7dff0ff14238d08a19ad7fb23fc87,
Dynamic,nvidia,Nvidia*ProcessesCount,Nvidia[].Processes.Count,count,Gauge,Number of processes with a compute or graphics context on the device.,nvmlDeviceGetComputeRunningProcesses(),https://docs.nvidia.com/deploy/nvml-api/group__nvmlDeviceQueries.html#group__nvmlDeviceQueries_1g34afcba3d32066db223265aa022a6b80,
Dynamic,nvidia,Nvidia*ProcessesList*Decoder,Nvidia[].Processes.List[].Decoder,percent,Gauge,Decoder utilization percentage for this process.,nvmlDeviceGetProcessUtilization() → decUtil,https://docs.nvidia.com/deploy/nvml-api/group__nvmlDeviceQueries.html#group__nvmlDeviceQueries_1gb0ea5236f5e69e63bf53684a11c233bd,
Dynamic,nvidia,Nvidia*ProcessesList*Encoder,Nvidia[].Processes.List[].Encoder,percent,Gauge,Encoder utilization percentage for this process.,nvmlDeviceGetProcessUtilization() → encUtil,https://docs.nvidia.com/deploy/nvml-api/group__nvmlDeviceQueries.html#group__nvmlDeviceQueries_1gb0ea5236f5e69e63bf53684a11c233bd,
Dynamic,nvidia,Nvidia*ProcessesList*MemUtil,Nvidia[].Processes.List[].MemUtil,percent,Gauge,Memory utilization percentage for this process.,nvmlDeviceGetProcessUtilization() → memUtil,https://docs.nvidia.com/deploy/nvml-api/group__nvmlDeviceQueries.html#group__nvmlDeviceQueries_1gb0ea5236f5e69e63bf53684a11c233bd,
Dynamic,nvidia,Nvidia*ProcessesList*MemoryUsed,Nvidia[].Processes.List[].MemoryUsed,bytes,Gauge,GPU memory used by this process in bytes.,nvmlDeviceGetComputeRunningProcesses() → usedGpuMemory,https://docs.nvidia.com/deploy/nvml-api/group__nvmlDeviceQueries.html#group__nvmlDeviceQueries_1g34afcba3d32066db223265aa022a6b80,
Dynamic,nvidia,Nvidia*ProcessesList*PID,Nvidia[].Processes.List[].PID,PID,Plain,Process ID.,nvmlDeviceGetComputeRunningProcesses() / nvmlDeviceGetGraphicsRunningProcesses(),https://docs.nvidia.com/deploy/nvml-api/group__nvmlDeviceQueries.html#group__nvmlDeviceQueries_1g34afcba3d32066db223265aa022a6b80,
Dynamic,nvidia,Nvidia*ProcessesList*SM,Nvidia[].Processes.List[].SM,percent,Gauge,SM (streaming multiprocessor) utilization percentage for this process.,nvmlDeviceGetProcessUtilization() → smUtil,https://docs.nvidia.com/deploy/nvml-api/group__nvmlDeviceQueries.html#group__nvmlDeviceQueries_1gb0ea5236f5e69e63bf53684a11c233bd,
Dynamic,nvidia,Nvidia*ProcessesList*T,Nvidia[].Processes.List[].T,microseconds since Unix epoch,Gauge,Timestamp of the utilization sample for this process in microseconds.,nvmlDeviceGetProcessUtilization() → timeStamp,https://docs.nvidia.com/deploy/nvml-api/group__nvmlDeviceQueries.html#group__nvmlDeviceQueries_1gb0ea5236f5e69e63bf53684a11c233bd,
Dynamic,nvidia,Nvidia*ProcessesList*Type,Nvidia[].Processes.List[].Type,string,Gauge,"Process type: 'compute' for CUDA applications with active context (from nvmlDeviceGetComputeRunningProcesses), 'graphics' for applications using OpenGL/DirectX (from nvmlDeviceGetGraphicsRunningProcesses), or 'mps' for Multi-Process Service compute processes (from nvmlDeviceGetMPSComputeRunningProcesses).",nvmlDeviceGetComputeRunningProcesses() / nvmlDeviceGetGraphicsRunningProcesses(),https://docs.nvidia.com/deploy/nvml-api/group__nvmlDeviceQueries.html#group__nvmlDeviceQueries_1g34afcba3d32066db223265aa022a6b80,
Dynamic,nvidia,Nvidia*ProcessesTimestamp,Nvidia[].Processes.Timestamp,nanoseconds since Unix epoch,Gauge,Last sample timestamp used for process utilization queries in microseconds.,nvmlDeviceGetProcessUtilization() → lastSeenTimeStamp,https://docs.nvidia.com/deploy/nvml-api/group__nvmlDeviceQueries.html#group__nvmlDeviceQueries_1gb0ea5236f5e69e63bf53684a11c233bd,
Dynamic,nvidia,Nvidia*ThermalGPU,Nvidia[].Thermal.GPU,°C,Gauge,The current temperature readings for the device in degrees C for the GPU temperature sensor.,nvmlDeviceGetTemperature(GPU),https://docs.nvidia.com/deploy/nvml-api/group__nvmlDeviceQueries.html#group__nvmlDeviceQueries_1g92d1c5182a14dd4be7090e3c1480b121,
Dynamic,nvidia,Nvidia*UtilizationGPU,Nvidia[].Utilization.GPU,percent,Gauge,Percent of time over the past sample period during which one or more kernels was executing on the GPU. The sample period may be between 1 second and 1/6 second depending on the product.,nvmlDeviceGetUtilizationRates(),https://docs.nvidia.com/deploy/nvml-api/group__nvmlDeviceQueries.html#group__nvmlDeviceQueries_1g540824faa6cef45500e0d1dc2f50b321,
Dynamic,nvidia,Nvidia*UtilizationMemory,Nvidia[].Utilization.Memory,percent,Gauge,Percent of time over the past sample period during which global (device) memory was being read or written. The sample period may be between 1 second and 1/6 second depending on the product.,nvmlDeviceGetUtilizationRates(),https://docs.nvidia.com/deploy/nvml-api/group__nvmlDeviceQueries.html#group__nvmlDeviceQueries_1g540824faa6cef45500e0d1dc2f50b321,
Dynamic,nvidia,Nvidia*ViolationsPower,Nvidia[].Violations.Power,nanoseconds,Counter,The amount of time in nanoseconds that the device has been in a power violation state (throttling due to power constraints).,nvmlDeviceGetViolationStatus(POWER),https://docs.nvidia.com/deploy/nvml-api/group__nvmlDeviceQueries.html#group__nvmlDeviceQueries_1gcc2017c0a98ad5f5d9c2dcd6bb82f393,
Dynamic,nvidia,Nvidia*ViolationsThermal,Nvidia[].Violations.Thermal,nanoseconds,Counter,The amount of time in nanoseconds that the device has been in a thermal violation state (throttling due to thermal constraints).,nvmlDeviceGetViolationStatus(THERMAL),https://docs.nvidia.com/deploy/nvml-api/group__nvmlDeviceQueries.html#group__nvmlDeviceQueries_1gcc2017c0a98ad5f5d9c2dcd6bb82f393,
Dynamic,process,Process*BlockIODelays,Process[].BlockIODelays,clock ticks,Counter,"Aggregated block I/O delays, measured in clock ticks",/proc/[pid]/stat → field 42,https://man7.org/linux/man-pages/man5/proc_pid_stat.5.html,
Dynamic,process,Process*ChildrenKernelMode,Process[].ChildrenKernelMode,clock ticks,Counter,"Total time children processes of the parent were scheduled in kernel mode, measured in clock ticks",/proc/[pid]/stat → field 17,https://man7.org/linux/man-pages/man5/proc_pid_stat.5.html,
Dynamic,process,Process*ChildrenUserMode,Process[].ChildrenUserMode,clock ticks,Counter,"Total time children processes of the parent were scheduled in user mode, measured in clock ticks",/proc/[pid]/stat → field 16,https://man7.org/linux/man-pages/man5/proc_pid_stat.5.html,
Dynamic,process,Process*CmdLine,Process[].CmdLine,string,Gauge,Process command line,/proc/[pid]/cmdline,https://man7.org/linux/man-pages/man5/proc_pid_cmdline.5.html,
Dynamic,process,Process*CpuTimeKernelMode,Process[].CpuTimeKernelMode,clock ticks,Counter,"Total CPU time this process was scheduled in kernel mode, measured in clock ticks (divide by sysconf(_SC_CLK_TCK))",/proc/[pid]/stat → field 15,https://man7.org/linux/man-pages/man5/proc_pid_stat.5.html,
Dynamic,process,Process*CpuTimeUserMode,Process[].CpuTimeUserMode,clock ticks,Counter,"Total CPU time this process was scheduled in user mode, measured in clock ticks (divide by sysconf(_SC_CLK_TCK))",/proc/[pid]/stat → field 14,https://man7.org/linux/man-pages/man5/proc_pid_stat.5.html,
Dynamic,process,Process*Id,Process[].Id,PID,Plain,Process ID,/proc/[pid]/stat → field 1,https://man7.org/linux/man-pages/man5/proc_pid_stat.5.html,
Dynamic,process,Process*Name,Process[].Name,string,Gauge,Process name,/proc/[pid]/stat → field 2,https://man7.org/linux/man-pages/man5/proc_pid_stat.5.html,
Dynamic,process,Process*NonvoluntaryContextSwitches,Process[].NonvoluntaryContextSwitches,switches,Counter,Number of involuntary context switches,/proc/[pid]/status → nonvoluntary_ctxt_switches,https://man7.org/linux/man-pages/man5/proc_pid_status.5.html,
Dynamic,process,Process*NumThreads,Process[].NumThreads,count,Gauge,Number of threads in this process,/proc/[pid]/stat → field 20,https://man7.org/linux/man-pages/man5/proc_pid_stat.5.html,
Dynamic,process,Process*ResidentSetSize,Process[].ResidentSetSize,pages,Gauge,"Resident Set Size: number of pages the process has in real memory. This is just the pages which count toward text, data, or stack space. This does not include pages which have not been demand-loaded in, or which are swapped out",/proc/[pid]/stat → field 24,https://man7.org/linux/man-pages/man5/proc_pid_stat.5.html,
Dynamic,process,Process*VirtualMemoryBytes,Process[].VirtualMemoryBytes,bytes,Gauge,Virtual memory size in bytes,/proc/[pid]/stat → field 23,https://man7.org/linux/man-pages/man5/proc_pid_stat.5.html,
Dynamic,process,Process*VoluntaryContextSwitches,Process[].VoluntaryContextSwitches,switches,Counter,Number of voluntary context switches,/proc/[pid]/status → voluntary_ctxt_switches,https://man7.org/linux/man-pages/man5/proc_pid_status.5.html,
Dynamic,vllm,VllmAvailable,Vllm.Available,boolean,Gauge,Whether vLLM metrics are available,HTTP GET /metrics response status,https://docs.vllm.ai/en/latest/design/metrics/,
Dynamic,vllm,VllmDecodeTimeHist,Vllm.DecodeTimeHist,"seconds; [0.3, 0.5, 0.8, 1.0, 1.5, 2.0, 2.5, 5.0, 10.0, 15.0, 20.0, 30.0, 40.0, 50.0, 60.0, 120.0, 240.0, 480.0, 960.0, 1920.0, 7680.0, +Inf]",Histogram,Histogram of time spent in DECODE phase for request.,HTTP GET /metrics → vllm:request_decode_time_seconds_bucket,https://docs.vllm.ai/en/latest/design/metrics/,
Dynamic,vllm,VllmE2eLatencyHist,Vllm.E2eLatencyHist,"seconds; [0.3, 0.5, 0.8, 1.0, 1.5, 2.0, 2.5, 5.0, 10.0, 15.0, 20.0, 30.0, 40.0, 50.0, 60.0, 120.0, 240.0, 480.0, 960.0, 1920.0, 7680.0, +Inf]",Histogram,Histogram of e2e request latency in seconds.,HTTP GET /metrics → vllm:e2e_request_latency_seconds_bucket,https://docs.vllm.ai/en/latest/design/metrics/,
Dynamic,vllm,VllmInferenceTimeHist,Vllm.InferenceTimeHist,"seconds; [0.3, 0.5, 0.8, 1.0, 1.5, 2.0, 2.5, 5.0, 10.0, 15.0, 20.0, 30.0, 40.0, 50.0, 60.0, 120.0, 240.0, 480.0, 960.0, 1920.0, 7680.0, +Inf]",Histogram,Histogram of time spent in RUNNING phase for request.,HTTP GET /metrics → vllm:request_inference_time_seconds_bucket,https://docs.vllm.ai/en/latest/design/metrics/,
Dynamic,vllm,VllmInterTokenLatencyHist,Vllm.InterTokenLatencyHist,"seconds; [0.01, 0.025, 0.05, 0.075, 0.1, 0.15, 0.2, 0.3, 0.4, 0.5, 0.75, 1.0, 2.5, 5.0, 7.5, 10.0, 20.0, 40.0, 80.0, +Inf]",Histogram,Histogram of inter-token latency in seconds.,HTTP GET /metrics → vllm:inter_token_latency_seconds_bucket,https://docs.vllm.ai/en/latest/design/metrics/,
Dynamic,vllm,VllmPrefillTimeHist,Vllm.PrefillTimeHist,"seconds; [0.3, 0.5, 0.8, 1.0, 1.5, 2.0, 2.5, 5.0, 10.0, 15.0, 20.0, 30.0, 40.0, 50.0, 60.0, 120.0, 240.0, 480.0, 960.0, 1920.0, 7680.0, +Inf]",Histogram,Histogram of time spent in PREFILL phase for request.,HTTP GET /metrics → vllm:request_prefill_time_seconds_bucket,https://docs.vllm.ai/en/latest/design/metrics/,
Dynamic,vllm,VllmQueueTimeHist,Vllm.QueueTimeHist,"seconds; [0.3, 0.5, 0.8, 1.0, 1.5, 2.0, 2.5, 5.0, 10.0, 15.0, 20.0, 30.0, 40.0, 50.0, 60.0, 120.0, 240.0, 480.0, 960.0, 1920.0, 7680.0, +Inf]",Histogram,Histogram of time spent in WAITING phase for request.,HTTP GET /metrics → vllm:request_queue_time_seconds_bucket,https://docs.vllm.ai/en/latest/design/metrics/,
Dynamic,vllm,VllmTtftHist,Vllm.TtftHist,"seconds; [0.001, 0.005, 0.01, 0.02, 0.04, 0.06, 0.08, 0.1, 0.25, 0.5, 0.75, 1.0, 2.5, 5.0, 7.5, 10.0, 20.0, 40.0, 80.0, 160.0, 640.0, 2560.0, +Inf]",Histogram,Histogram of time to first token in seconds.,HTTP GET /metrics → vllm:time_to_first_token_seconds_bucket,https://docs.vllm.ai/en/latest/design/metrics/,
Dynamic,vllm,VllmGenerationTokensHist,Vllm.GenerationTokensHist,"tokens; [1, 2, 5, 10, 20, 50, 100, 200, 500, 1000, 2000]",Histogram,Number of generation tokens processed.,HTTP GET /metrics → vllm:request_generation_tokens_bucket,https://docs.vllm.ai/en/latest/design/metrics/,
Dynamic,vllm,VllmPromptTokensHist,Vllm.PromptTokensHist,"tokens; [1, 2, 5, 10, 20, 50, 100, 200, 500, 1000, 2000]",Histogram,Number of prefill tokens processed.,HTTP GET /metrics → vllm:request_prompt_tokens_bucket,https://docs.vllm.ai/en/latest/design/metrics/,
Dynamic,vllm,VllmTimePerOutputTokenHist,Vllm.TimePerOutputTokenHist,"seconds; [0.01, 0.025, 0.05, 0.075, 0.1, 0.15, 0.2, 0.3, 0.4, 0.5, 0.75, 1.0, 2.5, 5.0, 7.5, 10.0, 20.0, 40.0, 80.0, +Inf]",Histogram,Request duration normalized by output token count,HTTP GET /metrics → vllm:request_time_per_output_token_seconds_bucket,https://docs.vllm.ai/en/latest/design/metrics/,
Dynamic,vllm,VllmKvCacheUsagePercent,Vllm.KvCacheUsagePercent,percent,Gauge,KV-cache usage. 1 means 100 percent usage.,HTTP GET /metrics → vllm:kv_cache_usage_perc,https://docs.vllm.ai/en/v0.9.0/api/vllm/engine/metrics.html,
Dynamic,vllm,VllmNumPreemptionsTotal,Vllm.NumPreemptionsTotal,preemptions,Counter,Cumulative number of preemption from the engine.,HTTP GET /metrics → vllm:num_preemptions_total,https://docs.vllm.ai/en/v0.9.0/api/vllm/engine/metrics.html,
Dynamic,vllm,VllmPrefixCacheHits,Vllm.PrefixCacheHits,tokens,Counter,"Prefix cache hits, in terms of number of cached tokens.",HTTP GET /metrics → vllm:prefix_cache_hits_total,https://docs.vllm.ai/en/v0.9.0/api/vllm/engine/metrics.html,
Dynamic,vllm,VllmPrefixCacheQueries,Vllm.PrefixCacheQueries,tokens,Counter,"Prefix cache queries, in terms of number of queried tokens.",HTTP GET /metrics → vllm:prefix_cache_queries_total,https://docs.vllm.ai/en/v0.9.0/api/vllm/engine/metrics.html,
Dynamic,vllm,VllmNumRequestsRunning,Vllm.NumRequestsRunning,count,Gauge,Number of requests in model execution batches.,HTTP GET /metrics → vllm:num_requests_running,https://docs.vllm.ai/en/v0.9.0/api/vllm/engine/metrics.html,
Dynamic,vllm,VllmNumRequestsWaiting,Vllm.NumRequestsWaiting,count,Gauge,Number of requests waiting to be processed.,HTTP GET /metrics → vllm:num_requests_waiting,https://docs.vllm.ai/en/v0.9.0/api/vllm/engine/metrics.html,
Dynamic,vllm,tokens,tokens,count,Counter,Tokens emitted across all requests during this metric polling interval. Computed client-side from benchmark ITL timings binned to nearest metric sample.,process.py → add_token_columns() from tokens.raw.parquet,,
Dynamic,vllm,token_itl_sum_ms,token_itl_sum_ms,milliseconds,Counter,Total inter-token latency time accumulated across all tokens emitted in this interval. Analogous to CPU time for generation work.,process.py → add_token_columns() from tokens.raw.parquet,,
Dynamic,vllm,token_itl_max_ms,token_itl_max_ms,milliseconds,Gauge,Maximum inter-token latency observed across all tokens in this interval.,process.py → add_token_columns() from tokens.raw.parquet,,
Dynamic,vllm,token_itl_mean_ms,token_itl_mean_ms,milliseconds,Gauge,Mean inter-token latency across all tokens in this interval.,process.py → add_token_columns() from tokens.raw.parquet,,
Dynamic,vllm,active_requests,active_requests,count,Gauge,Number of distinct requests that emitted at least one token during this interval.,process.py → add_token_columns() from tokens.raw.parquet,,
Dynamic,vllm,token_ttft_sum_ms,token_ttft_sum_ms,milliseconds,Counter,Total time-to-first-token accumulated across all requests whose first token landed in this interval.,process.py → add_token_columns() from requests.raw.parquet,,
Dynamic,vllm,token_ttft_max_ms,token_ttft_max_ms,milliseconds,Gauge,Maximum time-to-first-token observed across requests whose first token landed in this interval.,process.py → add_token_columns() from requests.raw.parquet,,
Dynamic,vllm,token_ttft_mean_ms,token_ttft_mean_ms,milliseconds,Gauge,Mean time-to-first-token across requests whose first token landed in this interval.,process.py → add_token_columns() from requests.raw.parquet,,
Dynamic,vm,VmCpuContextSwitches,Vm.Cpu.ContextSwitches,switches,Counter,The total number of context switches across all CPUs,/proc/stat → ctxt,https://man7.org/linux/man-pages/man5/proc_stat.5.html,
Dynamic,vm,VmCpuIdleTime,Vm.Cpu.IdleTime,centiseconds,Counter,CPU idle time in centiseconds (cs),/proc/stat → cpu idle,https://man7.org/linux/man-pages/man5/proc_stat.5.html,
Dynamic,vm,VmCpuLoadAvg,Vm.Cpu.LoadAvg,percent,Gauge,The system load average as an average number of running plus waiting threads over the last minute,/proc/loadavg,https://man7.org/linux/man-pages/man5/proc_loadavg.5.html,
Dynamic,vm,VmCpuMhz,Vm.Cpu.Mhz,kilohertz,Gauge,CPU frequency in kilohertz (kHz). Raw value from scaling_cur_freq.,/sys/devices/system/cpu/cpu0/cpufreq/scaling_cur_freq,https://docs.kernel.org/admin-guide/pm/cpufreq.html,
Dynamic,vm,VmCpuNice,Vm.Cpu.Nice,centiseconds,Counter,Time spent with niced processes executing in user mode in centiseconds (cs),/proc/stat → cpu nice,https://man7.org/linux/man-pages/man5/proc_stat.5.html,
Dynamic,vm,VmCpuSteal,Vm.Cpu.Steal,centiseconds,Counter,Time stolen by other operating systems running in a virtual environment in centiseconds (cs),/proc/stat → cpu steal,https://man7.org/linux/man-pages/man5/proc_stat.5.html,
Dynamic,vm,VmCpuTimeIOWait,Vm.Cpu.TimeIOWait,centiseconds,Counter,CPU time waiting for I/O to complete in centiseconds (cs),/proc/stat → cpu iowait,https://man7.org/linux/man-pages/man5/proc_stat.5.html,
Dynamic,vm,VmCpuTimeIntSrvc,Vm.Cpu.TimeIntSrvc,centiseconds,Counter,CPU time servicing interrupts in centiseconds (cs),/proc/stat → cpu irq,https://man7.org/linux/man-pages/man5/proc_stat.5.html,
Dynamic,vm,VmCpuTimeKernelMode,Vm.Cpu.TimeKernelMode,centiseconds,Counter,CPU time for processes executing in kernel mode in centiseconds (cs),/proc/stat → cpu system,https://man7.org/linux/man-pages/man5/proc_stat.5.html,
Dynamic,vm,VmCpuTimeSoftIntSrvc,Vm.Cpu.TimeSoftIntSrvc,centiseconds,Counter,CPU time servicing soft interrupts in centiseconds (cs),/proc/stat → cpu softirq,https://man7.org/linux/man-pages/man5/proc_stat.5.html,
Dynamic,vm,VmCpuTimeUserMode,Vm.Cpu.TimeUserMode,centiseconds,Counter,CPU time for processes executing in user mode in centiseconds (cs),/proc/stat → cpu user,https://man7.org/linux/man-pages/man5/proc_stat.5.html,
Dynamic,vm,VmDiskIOInProgress,Vm.Disk.IOInProgress,operations,Gauge,Number of I/O operations currently in progress,/proc/diskstats → field 12,https://www.kernel.org/doc/html/latest/admin-guide/iostats.html,
Dynamic,vm,VmDiskIOTime,Vm.Disk.IOTime,milliseconds,Counter,Time spent doing I/O operations in milliseconds (ms),/proc/diskstats → field 13,https://www.kernel.org/doc/html/latest/admin-guide/iostats.html,
Dynamic,vm,VmDiskMergedReads,Vm.Disk.MergedReads,operations,Counter,Number of disk reads merged together (adjacent and merged for efficiency),/proc/diskstats → field 5,https://www.kernel.org/doc/html/latest/admin-guide/iostats.html,
Dynamic,vm,VmDiskMergedWrites,Vm.Disk.MergedWrites,operations,Counter,Number of disk writes merged together (adjacent and merged for efficiency),/proc/diskstats → field 9,https://www.kernel.org/doc/html/latest/admin-guide/iostats.html,
Dynamic,vm,VmDiskReadTime,Vm.Disk.ReadTime,milliseconds,Counter,Time spent reading from the disk in milliseconds (ms),/proc/diskstats → field 7,https://www.kernel.org/doc/html/latest/admin-guide/iostats.html,
Dynamic,vm,VmDiskSectorReads,Vm.Disk.SectorReads,sectors,Counter,"The number of disk sectors read, where a sector is typically 512 bytes. Aggregated across all matching disk devices (sd*, nvme*, vd*, xvd*, hd*).",/proc/diskstats → field 6,https://www.kernel.org/doc/html/latest/admin-guide/iostats.html,
Dynamic,vm,VmDiskSectorWrites,Vm.Disk.SectorWrites,sectors,Counter,"The number of disk sectors written, where a sector is typically 512 bytes. Aggregated across all matching disk devices (sd*, nvme*, vd*, xvd*, hd*).",/proc/diskstats → field 10,https://www.kernel.org/doc/html/latest/admin-guide/iostats.html,
Dynamic,vm,VmDiskSuccessfulReads,Vm.Disk.SuccessfulReads,operations,Counter,Number of disk reads completed succesfully,/proc/diskstats → field 4,https://www.kernel.org/doc/html/latest/admin-guide/iostats.html,
Dynamic,vm,VmDiskSuccessfulWrites,Vm.Disk.SuccessfulWrites,operations,Counter,Number of disk writes completed succesfully,/proc/diskstats → field 8,https://www.kernel.org/doc/html/latest/admin-guide/iostats.html,
Dynamic,vm,VmDiskWeightedIOTime,Vm.Disk.WeightedIOTime,milliseconds,Counter,Weighted time spent doing I/O (time * number of I/Os in progress) in milliseconds (ms),/proc/diskstats → field 14,https://www.kernel.org/doc/html/latest/admin-guide/iostats.html,
Dynamic,vm,VmDiskWriteTime,Vm.Disk.WriteTime,milliseconds,Counter,Time spent writing in milliseconds (ms),/proc/diskstats → field 11,https://www.kernel.org/doc/html/latest/admin-guide/iostats.html,
Dynamic,vm,VmMemBuffers,Vm.Mem.Buffers,kilobytes,Gauge,The amount of temporary storage for raw disk blocks in kilobytes (KB),/proc/meminfo → Buffers,https://man7.org/linux/man-pages/man5/proc_meminfo.5.html,
Dynamic,vm,VmMemCached,Vm.Mem.Cached,kilobytes,Gauge,The amount of physical RAM used as cache memory in kilobytes (KB),/proc/meminfo → Cached,https://man7.org/linux/man-pages/man5/proc_meminfo.5.html,
Dynamic,vm,VmMemFree,Vm.Mem.Free,kilobytes,Gauge,The amount of physical RAM left unused by the system in kilobytes (KB),/proc/meminfo → MemFree,https://man7.org/linux/man-pages/man5/proc_meminfo.5.html,
Dynamic,vm,VmMemMajorPageFault,Vm.Mem.MajorPageFault,faults,Counter,Major page faults are expected when a process starts or needs to read in additional data and in these cases do not indicate a problem condition,/proc/vmstat → pgmajfault,https://man7.org/linux/man-pages/man5/proc_vmstat.5.html,
Dynamic,vm,VmMemPgFault,Vm.Mem.PgFault,faults,Counter,Type of exception raised by computer hardware when a running program accesses a memory page that is not currently mapped by the memory management unit (MMU) into the virtual address space of a process,/proc/vmstat → pgfault,https://man7.org/linux/man-pages/man5/proc_vmstat.5.html,
Dynamic,vm,VmMemSwapFree,Vm.Mem.SwapFree,kilobytes,Gauge,Free swap space in kilobytes (KB),/proc/meminfo → SwapFree,https://man7.org/linux/man-pages/man5/proc_meminfo.5.html,
Dynamic,vm,VmMemSwapTotal,Vm.Mem.SwapTotal,kilobytes,Gauge,Total swap space in kilobytes (KB),/proc/meminfo → SwapTotal,https://man7.org/linux/man-pages/man5/proc_meminfo.5.html,
Dynamic,vm,VmMemTotal,Vm.Mem.Total,kilobytes,Gauge,Total amount of usable RAM in kilobytes (KB),/proc/meminfo → MemTotal,https://man7.org/linux/man-pages/man5/proc_meminfo.5.html,
Dynamic,vm,VmNetBytesRecvd,Vm.Net.BytesRecvd,bytes,Counter,Total network bytes received across all interfaces (excluding loopback).,/proc/net/dev → receive bytes,https://man7.org/linux/man-pages/man5/proc_net_dev.5.html,
Dynamic,vm,VmNetBytesSent,Vm.Net.BytesSent,bytes,Counter,Total network bytes sent across all interfaces (excluding loopback).,/proc/net/dev → transmit bytes,https://man7.org/linux/man-pages/man5/proc_net_dev.5.html,
Dynamic,vm,VmNetDropsRecvd,Vm.Net.DropsRecvd,drops,Counter,Total network receive drops across all interfaces (excluding loopback).,/proc/net/dev → receive drop,https://man7.org/linux/man-pages/man5/proc_net_dev.5.html,
Dynamic,vm,VmNetDropsSent,Vm.Net.DropsSent,drops,Counter,Total network send drops across all interfaces (excluding loopback).,/proc/net/dev → transmit drop,https://man7.org/linux/man-pages/man5/proc_net_dev.5.html,
Dynamic,vm,VmNetErrorsRecvd,Vm.Net.ErrorsRecvd,errors,Counter,Total network receive errors across all interfaces (excluding loopback).,/proc/net/dev → receive errs,https://man7.org/linux/man-pages/man5/proc_net_dev.5.html,
Dynamic,vm,VmNetErrorsSent,Vm.Net.ErrorsSent,errors,Counter,Total network send errors across all interfaces (excluding loopback).,/proc/net/dev → transmit errs,https://man7.org/linux/man-pages/man5/proc_net_dev.5.html,
Dynamic,vm,VmNetPacketsRecvd,Vm.Net.PacketsRecvd,packets,Counter,Total network packets received across all interfaces (excluding loopback).,/proc/net/dev → receive packets,https://man7.org/linux/man-pages/man5/proc_net_dev.5.html,